# Jaanis Fehling, Mikael
# Team GER
# ML-CUP25 v1
# 31 Dec 2025
1,-3.081701878204685,-4.670476405541752,7.580527883985146,-7.592913961369232
2,-1.096485585529646,12.369516413006403,-42.34082027531734,12.751820464914303
3,-0.35338264648447837,-1.8122860911089247,-11.486346290769175,4.250769578931414
4,-6.075629044720707,-16.380685600913605,-14.994849616375426,20.837414432461582
5,18.211463090225298,-6.8720340045566495,-16.749309595628564,34.25450713944106
6,-0.4179981560655605,4.0825560307978215,4.744352891412488,-6.09186829967905
7,11.031472934482911,12.152701053896786,-35.650291513382165,21.748143682926965
8,-2.526755338677693,5.518699434179746,6.742274473638118,-9.408354152829991
9,7.984718405237137,-12.125477536364924,24.685035757338817,-14.655822857887616
10,-2.33066920616864,-4.067159173847861,3.7649906750000652,-7.037799820082762
11,-8.38766888215334,13.598187413178733,11.037764595542676,-27.012544114768172
12,-0.4957118996012281,-10.411180730037886,21.213952517826925,-17.275349048885893
13,-0.38530457596605017,-6.56017255012539,15.50935885901347,-10.280049163372281
14,8.02453930877514,-0.7736238697061717,10.715174778142377,-2.393839989333296
15,2.4825786146686406,-3.6962428316466047,-12.634749391855499,5.356027070262947
16,-6.4346627553589775,-6.0380450862125885,19.877603545761623,-17.947956353437608
17,-21.659332618318793,6.082549223421033,-31.12497413637104,12.453302667710451
18,5.142022687750664,3.8165908302542744,8.211382545525078,-6.794937497070316
19,4.194370212927444,7.925243861169503,-12.130214617491053,15.352958731339758
20,-10.176799119631843,9.500731189259868,9.934766980717383,-23.93787369721908
21,12.780194279344,-3.691071921315668,-19.50266318882171,30.053427372931075
22,-3.8536576193011602,1.8252752552226323,3.4088595996484985,-13.482591338149762
23,6.603543946177827,-5.232797851282115,14.879160368034515,-13.654097201045921
24,-8.395345091941632,-5.400128359500002,-16.83018441198545,17.43703652971079
25,-16.87231770652539,-7.723700167310207,24.494377078430375,-22.522648722969542
26,3.9787139276835104,7.179785540064994,-37.89178708884139,17.969087315054203
27,10.187959523112584,-3.1552155593931692,20.89168406009632,-5.316051335982413
28,-1.1579020575290602,-0.1751676787397462,2.8150882704405435,-1.7631154499163206
29,-3.7982106493136105,-4.808050442631478,20.242544782530977,-19.50276284775017
30,-26.584182408168864,7.19190948649045,-38.281425319297405,15.481979535116526
31,-7.158752939402889,-11.374144005558051,26.288312457181156,-15.462737314617302
32,10.207214341962095,-21.957244248930525,-18.871671559187195,37.91196620922818
33,-7.088830268215571,4.02007920401452,-12.263581166603704,4.517816216109703
34,0.935694439183424,12.440898210702269,-37.84239890625449,14.439744159681627
35,12.28685163206875,3.9539824894034146,-30.45955339993423,28.304626798168748
36,17.576520882169273,-4.7671051089434835,24.20719549629489,-9.959058871713417
37,3.9851995560932285,-0.5063300631830177,9.33542445284621,-3.66578208872057
38,4.381153845284806,-28.848432501931583,-17.59394704297751,37.87267239104802
39,6.196070917440191,-2.325243502174676,-23.055434408239375,26.00110123857629
40,7.369305617771292,-11.453510701249217,-21.345067352859996,24.670188406972624
41,-12.944514920313548,-0.42072839767909737,-23.859052442121364,20.70951271115983
42,15.24842382190764,-3.9374766564241446,21.429249334804908,-11.768671145571501
43,12.610649527917872,1.010697983025429,17.800266449769197,-17.17375233303508
44,-15.73408288553256,-1.6581545911185747,-25.31508083711841,22.718101157955676
45,12.36797689644475,6.084093692798833,-18.078351041437173,21.184213895218704
46,10.754878007150788,7.420152724090689,-37.22578691349869,24.388724767086984
47,7.345461991930455,-0.41600385484712116,22.91488708081028,-8.665485129079963
48,13.390461631411071,9.636094608564324,-30.391024606074286,24.670582930407566
49,-6.232386915672277,15.392523792426315,14.729484298740822,-19.461379477465155
50,-11.970021823473468,1.8029686906459286,-26.242493331081135,9.26543398621209
51,9.356832880117674,-12.678128679708193,-13.636019338110978,35.06241426914692
52,-28.88954177207641,0.7813154378970075,-37.59025591140996,22.15587158011597
53,-2.917792476327328,-14.673411692689493,29.951993729432033,-15.662069480962732
54,-3.352769517894103,1.3156401188387283,-21.784475301648605,21.771974966347123
55,-2.33537947683373,-3.8624035557364236,8.69544142041408,-6.203516286189442
56,-0.09549094436030207,-3.9033768295612665,-16.655816840351548,23.213647453411877
57,19.909010124985176,2.71980728873721,-30.428479046363115,28.864969685347937
58,2.4774205223744605,-4.831864184668273,17.26285550912504,-13.138012581251505
59,1.4900899778473984,-31.02814622327151,-16.51360882002979,37.34904019471049
60,-5.20114489453758,10.015036256164404,-19.662467863386013,17.908202633369388
61,-18.063904193553178,5.622481304905943,-28.595140800164728,9.543903387216083
62,-10.444460083259969,10.51056858554406,11.709699949610766,-24.59286837423195
63,16.82821502586111,-1.4533559592849812,23.035280415981777,-14.305962286979048
64,4.787070490803129,-1.2844715356177796,18.158566101381684,-18.80230668937464
65,-12.483218960040574,6.2038219937293935,12.356457426131492,-27.461033798246312
66,4.340316007455137,-0.3235345102187354,21.085632740134542,-19.665436702227954
67,-22.93725248765864,5.374786137823264,-32.43577644917278,19.129016835403007
68,14.335655054746569,-1.9328123069315146,24.53713706394253,-12.688139434973449
69,-20.11646549204681,7.834138296994688,-30.050194435545567,15.072158100628112
70,-7.106497304607025,10.44492901291377,14.337749753931933,-20.946957107951405
71,-10.726923775682929,2.2136031664548215,10.755452308154704,-21.026340802208757
72,-1.3501604002013363,-3.9744816887956462,2.862224049199228,-8.42513097757892
73,2.248700111279377,1.6539376359646893,-9.02390127422918,13.631062476712527
74,17.72039719185453,-2.706546883536548,23.116644481675742,-17.063776053951827
75,20.21932934284123,0.977616925545632,-25.180090936566643,32.533313588467585
76,4.391907875477211,0.9107585069846815,-5.3923292290282445,11.295444723631615
77,3.17772504995501,-7.442140719743915,23.739617255918265,-12.423291678174934
78,0.8099574068532541,-1.5569554471460325,-15.989571856648073,19.664789500281866
79,-0.5398530166536313,-2.6098296892098545,-6.101778363330952,22.190809701537084
80,4.457582052708233,2.9102302049944084,20.73145745264537,-18.305569127790434
81,18.123068026686077,-5.517294778892105,22.319500169123273,-11.256937694818962
82,2.4700279613468177,-5.4087474878599675,-13.645822462812845,30.769615528070393
83,-6.154745135263341,-7.9039999228496365,21.873021906647185,-13.216634893051147
84,-12.911498413460292,-2.757247488193433,-18.4892693858726,28.594232649847914
85,8.459511112843556,2.32450381150765,16.026404634005594,-11.522534180011531
86,-4.2814139163434275,1.110921596676523,11.548943556725508,-10.449547625475976
87,-0.3575808615889023,-1.8140269919356542,-10.04872142766973,18.463676628674467
88,13.240215000334146,16.06863968637877,-35.421995531215494,25.868910331047946
89,8.037224478119738,2.606244268674388,12.610078902354397,-7.830108116802768
90,-29.758771962732922,0.5241699812007103,-38.58143736315254,17.89126167699805
91,7.9342229438489635,-8.05632974165511,17.342496309587492,-15.566008701405256
92,-3.3648476308352704,-0.309895337098756,-9.496264774035561,19.263767532649496
93,-7.210932896058867,-4.599555951936024,14.3727056097388,-14.61447019959325
94,-18.26426504779289,3.817575871717589,-30.691723077506715,16.439731325559197
95,-5.258476314949902,0.2862046103444824,15.719706901148237,-17.9485997776942
96,-5.352355188753633,-0.9943740435796302,7.911401846858557,-8.125039487957542
97,-5.473213842441823,-6.319664653456381,9.570045098510926,-11.690232413661356
98,5.277057738337821,-0.5765694789917881,6.44575406557497,0.6623123127683606
99,-0.9778497887141587,1.3304718618908469,2.9379985033713103,0.7591879396431489
100,12.154167781648201,-8.806406031589276,25.712045387074966,-13.54170470416212
101,-4.739296464904638,-5.967894516891549,4.469756402898946,-9.47289768445826
102,7.018630189643489,-2.1095894878599615,-10.2897073263341,16.84299272264582
103,3.3252118972012314,-3.70593961827503,-8.204524650611836,10.455319917988916
104,6.221406384767181,0.10254157128484587,7.450596156495862,-1.3491968135027967
105,6.566938999776915,-11.227739475006763,25.425033859075093,-14.112308529624146
106,18.394955561593207,8.281145702536664,-23.82608508561056,25.343958787813428
107,18.725906932843312,2.867239952784162,-25.76181835483574,25.95007426155053
108,11.55141393000219,5.83253497413387,-22.557120938579615,17.262497733423952
109,12.17020055590171,-15.621676756928332,-17.453831932970772,31.247775450121303
110,15.92860289427451,-2.2697772627906065,-24.706691103946653,27.420838514888462
111,8.262887443819674,-4.742142378800148,-8.047124806999987,19.800692333637322
112,10.749373578645718,-11.306695509082587,-19.405432310606887,27.489218763013263
113,-26.037176802548036,0.2334852573980861,-35.991003073044034,25.661119761215662
114,24.459275056179546,4.206643252283739,-26.24307104578477,30.39743045097791
115,16.864446702396684,-6.37488694201716,26.051531628843474,-11.79698548760669
116,4.213950412571669,-6.211482640618641,14.77112855861771,-10.591651372578937
117,-2.772249294682393,-22.459474461137837,-6.767959394966424,26.5062779546849
118,-17.666521631682734,-11.202700896786487,-29.972808030546787,28.993061714508123
119,6.810713731552307,9.373673772094149,-39.005662331878916,18.776780618215323
120,-0.9861606011951892,12.46617413585656,-32.75492688774855,18.453420809472792
121,3.073669207735632,-29.25939407237908,-16.574413281421375,37.013467135146605
122,8.546030991267404,-2.253267054362804,-26.951068940055666,21.565829226949315
123,-0.12949465903287188,3.622747938947629,3.0274159139902417,-3.154315711157857
124,-4.945028707193891,-4.997178534091779,20.78792001078391,-21.853957181709767
125,-5.510544770863732,-8.510633454204385,-22.019367238359667,29.95492633300036
126,-2.9511514225214412,-6.395359082494357,19.551686547148236,-19.193339690627106
127,6.035363604564149,-9.973251890345933,-13.525254084365407,20.606645735230376
128,-27.0597123436717,4.368198803152635,-35.58376555149728,16.450593089821588
129,-5.583269713610667,2.1220763589074916,4.37471349131691,-18.604791008319488
130,3.263638087886249,-4.467949562634579,25.353323428584435,-16.686923487540145
131,0.18747665655467183,0.40155790905222044,1.9853931632749708,-0.24346226913623875
132,-7.406220454844692,15.177485646784175,12.68844187889289,-23.417204909882763
133,-8.411763872686972,-5.348582255680186,10.796981464006864,-13.166299421107167
134,-0.4227985185552857,12.418693346194802,-16.60991930927293,9.572628506746048
135,-3.8406729497847767,-3.4962975242209797,4.322374866836487,-10.785806913278051
136,-4.638248175324675,-2.8859676335129745,5.8137138412227545,-8.752207174396101
137,4.166092532922071,-4.204955138375318,12.149422015044,-9.262475048908868
138,-21.68172356248566,2.922011644534248,-34.14983685103998,12.684988833707887
139,-16.76287537905055,4.016397096916036,-26.09912045235484,12.72357801351594
140,16.2860637370036,5.220339072427966,-18.256986601798637,20.627225666470647
141,-0.34499890610720146,-12.11501217172956,-17.159057035709672,21.15045471135621
142,-2.7558135975208278,-3.370794830415305,-18.663987117421943,23.94196600191294
143,-4.743530830104437,-0.44745106217413627,7.433176353379468,-8.316094652225827
144,12.455045888259969,-0.15376262990262218,15.256072464936704,-12.761821292137675
145,-9.641477361524595,11.43211089968612,8.482514514203226,-29.71727970216822
146,-1.1669932772487472,-0.2523383280727633,8.85365263131294,-6.484483650293656
147,1.6239015659531777,-25.283661578432593,-8.83784293696396,33.714138938637866
148,6.483484691995502,-1.5720483610781861,-13.390166382229527,24.022905075602974
149,1.3806927751532063,13.36136664091799,-17.408967335087414,12.439233361872759
150,0.7460442551888186,22.47115103894423,-30.758318898838837,16.69383155847303
151,21.36956895131094,2.610536998868151,-23.892662448087286,31.820248855730725
152,13.065187620609851,13.226547980350865,-30.97141789423012,24.356318625647518
153,-15.686094445443352,-2.3031065374859954,-31.776894945304512,13.111549179147975
154,2.9971985830816643,2.9975867444964015,-2.6499469143693353,3.492969605416675
155,2.8281579845122877,-26.70743435673225,-18.367248399663932,34.42216796499182
156,-6.968165728427856,14.086312646341522,16.131932548178895,-21.119997608968198
157,-26.56806201867464,7.42984392051737,-47.19955240827702,12.080747470271533
158,8.627888607512563,4.261940383118312,-8.676604000661687,12.316079869485655
159,0.06247109859820177,-15.488394401575365,-2.6507736131458968,21.19127932147101
160,-8.49433856777061,-9.881013393223334,25.819355569837896,-15.620169330896807
161,-11.309720284138233,0.9156427333894628,11.282749114958198,-21.188988588601234
162,11.538210998437124,6.150003132207078,-13.60234090592216,16.387796268339414
163,2.678481195430669,0.3110362084503485,3.104573954750969,1.9823275392267086
164,-21.192188706599733,-7.705184431948852,-32.74582445245712,19.752654772807926
165,-9.29008318179017,-5.31306282736602,10.99284592075511,-14.116465911997524
166,-5.086021890793423,-7.22615591618518,13.690753426701754,-21.377772610821545
167,15.581865936334381,-4.939474654232181,25.66033564051713,-9.866019080087518
168,2.4410656403873894,-31.68261011495119,-10.848178002356626,42.102456367953856
169,14.835730006762391,-2.232663448580425,17.9376705802067,-12.441887009483258
170,7.808424379250761,8.199584708035038,-21.749463616108738,16.408910611505718
171,18.684423820312944,-7.085415913398157,-26.367980772358244,33.5869630807884
172,0.09248381984945647,-7.106939992594349,18.019399509464535,-9.593783915475193
173,-0.5538609874316007,-5.309083000481221,-19.179490167297505,26.81746176381785
174,12.078068063821753,-5.059819750640363,18.899748650033956,-7.455178785801225
175,-18.913248187684687,-4.011924612688174,-22.244179517585028,24.359683035130235
176,17.763922775567178,-4.0147247241127255,17.374290779220978,-11.33312631790576
177,5.89828716462211,9.592760395292915,-24.49477778183271,14.49588300037044
178,5.802796519471711,9.610191067642848,-13.542788854837983,11.306822552144293
179,-13.15278386807974,-7.313692455518339,-25.41222200173456,23.436491724098783
180,-5.942296356283564,-4.319062252509492,14.145475385427451,-11.273545359969042
181,-11.612803971583876,12.801046171720587,-38.002226237956634,7.476459702410953
182,1.8241440915895724,-30.3633180380753,-15.451733337514579,38.72835060563532
183,-3.190184880744171,1.9048379629540033,9.631981994211337,-10.419335733429927
184,14.424408475108782,-0.16888535042523628,18.06212703906315,-12.306401447561262
185,11.490097270227796,10.894098754846054,-35.90188972180203,21.93710807261641
186,16.323513635940206,-1.9830797724682,23.16717452783735,-8.907428514232958
187,8.90584016860189,-1.1526058997582072,14.90929912063115,-1.7762157872018602
188,-3.0569915401337577,-3.3328801886651154,-5.344006466617312,25.681054396732634
189,0.7165520799697622,1.0249631508719936,-29.973738982472877,26.23315541849769
190,12.652811325108166,2.396785720762348,-32.919385777720414,24.83333172525157
191,-18.820788949783548,12.12259860221623,-33.87744072159607,9.04231918819639
192,-11.35035511809436,8.459090904619783,7.129476207891345,-27.990786340033615
193,-6.63769515035945,-6.186210422217511,20.955853163720512,-22.026593543169685
194,10.76181158888444,-0.20521926975642718,10.891571131572801,-8.385075214913925
195,8.866311426040058,0.8522225680618657,13.914671076285165,-8.697283127681775
196,5.921913347953746,-9.273694525861167,-15.662250322961997,19.291288035236036
197,-0.042639025823076354,1.45749757443806,3.5676782475712105,0.08027969599539425
198,2.150118311263002,-2.9668148272883643,9.293656268970368,-4.693888345402094
199,-19.36797870278282,4.6357094934982666,-32.09021561192369,10.43739017727997
200,2.8623728163765465,-1.6357900715899365,15.282600820967364,-11.113593441343667
201,12.549666321756314,9.757458731063176,-28.327543863735045,20.763725596616617
202,-14.82718956492758,-6.275262566431169,23.012949519728895,-21.66537904686313
203,-0.06352070714815027,-14.500271078000198,-9.330231273120427,17.0971926840216
204,15.040567398543539,-1.2283863859028223,23.70094990862564,-11.041903817681963
205,-6.033265944588957,16.528201300736022,12.663994933141831,-19.3178928785606
206,-0.26905138525051847,1.82087655314012,1.632316667967711,-0.8095116564146863
207,3.1900801956903306,2.9131224128557816,12.088457598297625,-10.632200326401216
208,1.2354148002973182,-0.3178311006938906,13.462118598414266,-11.747739182878211
209,1.199353068897641,6.150862719897954,16.929523635644248,-14.221344961820089
210,5.841879219692262,-8.230703135960804,-5.691611569039633,17.809792304989582
211,19.320569366657907,6.489095726269485,-25.501868089239636,28.166435840317504
212,-25.798546412833655,-2.255533614218069,-35.97483285720333,18.688331304582896
213,0.7406588565352784,-12.252564005524388,20.406178006685824,-18.1436793831499
214,1.0600130934449927,1.2307867071156369,-7.647818081246349,5.5075907526918
215,9.116361996905587,-10.979164073218396,-27.393486951222886,31.48167162920253
216,9.38485802594983,-1.0612913456816317,-20.894739653143343,23.844970494482148
217,16.406938835557167,-0.08543820439440575,-22.084610701778253,28.064530429466284
218,4.180271344046536,0.3730855725398629,3.6249767806675655,-1.417674098760936
219,-4.056156932473786,-1.1398432962904759,6.697464870903437,-7.113101127692437
220,16.85292317747091,-7.684939689980108,27.139667265634284,-11.711555614825073
221,-1.447041553422315,-13.93973800837057,20.831738919931606,-21.26160400153914
222,19.510894593174875,-3.3397411607673066,27.150126565989403,-12.316243305732026
223,5.673529638912412,-8.966633733507082,25.60685444855844,-15.961713908130477
224,12.497521713257608,-4.807526731234555,11.154864930071547,-7.6790703625299
225,6.985582432331765,2.396937661990185,-12.071333148063543,14.984184709697569
226,-8.77092677823921,16.437296022260245,-27.672129422797813,11.284611287657505
227,4.19564842948909,-6.335618703815968,-11.563069878211698,13.609286408153922
228,-3.5829536845857284,-6.841745044874997,20.66088796779302,-17.248323515702385
229,3.4161831574964037,-8.61930975779012,-15.63329465009874,28.786300150429245
230,15.87005596018582,-2.638662531174234,-15.469899036524145,23.398879460355474
231,11.16809009405959,2.146407505808058,17.116188899944436,-14.164148005572127
232,0.9956779383652574,-30.828884439314923,-13.644748134659498,40.67927874011028
233,15.594463068153008,7.040848861867142,-25.01338118431054,26.07857217346604
234,-10.557579215938572,-3.4781124209698135,15.364146007002166,-15.97291784408273
235,6.653402720289325,4.905078808575981,-8.193288554223207,9.124526815573091
236,-3.3995864670508906,0.30775012904968796,9.343899694979388,-10.114149978658713
237,9.795661058612247,-15.046830380557731,-9.594669536583982,26.779078314101074
238,-12.860946171685145,1.2603567775390627,-29.737300085036306,27.1248646614692
239,1.939445926311677,-23.667726089014174,-10.04883259786821,33.10501201277452
240,1.587249583154033,0.35497619345626347,3.876147623609825,-1.1617424464456148
241,2.2524477014415427,-0.7203247781693685,3.1818806755771107,0.573462633736058
242,19.139263273307137,-5.461579159314802,28.014950004071604,-11.119461583616912
243,6.196393776894111,14.79899245951383,-30.754483080614804,17.89089387839037
244,11.327838351151053,2.594770870891158,17.432341154790816,-10.245986579623313
245,-8.607543027851763,0.261901851408065,11.800675300096875,-14.767600162623072
246,-4.7892267927924435,-11.704063839914646,18.36618073107494,-23.17756056428766
247,4.102702085169302,-1.7582313458358096,11.695491517216508,-4.327940770058976
248,4.174655705436906,0.2090133519500742,-1.9500739870041635,3.7774617753152553
249,12.773311527515768,-8.462086737353726,-13.86747318871411,27.211126958947847
250,12.643004913173911,-2.6237002207039932,22.87173051984821,-12.385368959588982
251,-7.728627801497487,15.897772316065637,-40.629663419157005,12.023946372551158
252,12.731672910819146,-24.99530488361798,-21.874051002533527,40.062977978256285
253,-17.325833097451568,-0.01497342741919755,-23.188189843258655,22.174222405270612
254,-27.40633963148465,-9.50504861052138,-26.803495322506475,34.54598584983554
255,16.566989052771543,5.807346819700984,-19.24942177116688,21.7699267190779
256,7.250712920199949,-3.0726613319642473,-17.785602837547323,22.993475763612135
257,-1.1129184822050011,6.682788979975122,5.866635923804037,-5.769515646549383
258,10.323005082554024,11.975528843946595,-36.19860981090498,22.536831996741505
259,-3.3796766917953183,14.201277025856223,-23.103147315826945,17.408131632442394
260,-4.004489573952015,7.364476013702881,7.7341347580141395,-15.79987407444121
261,8.797915363995461,2.011548256525577,16.476845311570695,-5.006434815500235
262,-0.2500476272906059,-3.3747738347954828,10.274426340978355,-6.197813858077052
263,-15.295435431184293,-4.274272601893549,-16.474537618331905,26.471706503230944
264,6.976135496370994,1.5809542337616787,12.27459562913137,-5.7314225739802485
265,9.457867651732235,-0.31743462551992035,10.710220767140468,-6.30982024191253
266,-1.60430632109046,-13.71443398170325,27.171490748707686,-17.033336465699733
267,-2.403799750001377,16.25895384825259,-23.659857262416548,18.002790884279353
268,9.746768884049054,1.4122656838399272,-19.755446498573313,18.522559234777653
269,-4.483899362176106,18.815243047993498,14.588780155645164,-17.02187898089787
270,11.000753623264314,6.119466352581684,-14.06707340293787,16.397675805920162
271,-0.7073625284215794,-13.869742238744868,22.32232110575722,-17.08017236611956
272,-6.440267967318969,-10.938624650722637,23.079751295288712,-13.752391938857564
273,15.949393750778048,5.300299311365765,-26.638353315469036,29.439406219935222
274,-6.306072228690635,1.2635337143209306,-20.719005226827477,14.136845642812778
275,-0.11447291677631273,-2.5425464265899316,8.58686080042229,-6.116721539062623
276,-14.695597830070353,4.526543014906918,-25.76266010949598,11.814768588387249
277,-1.4005407234675034,-9.57695027428725,16.85485784072407,-17.238116990993657
278,-31.71126630964748,4.817200030412137,-38.52382972046713,19.7706114161468
279,0.3309668620332602,-1.6388589286531312,-5.939317431873274,23.274326187621963
280,-4.838671740219481,15.566111083063987,-30.63424979397289,10.090956556750992
281,-1.2410228148154199,-14.655674380680876,32.842475305095476,-15.070163899347053
282,5.1058611319819205,-19.74364833540205,-19.5178830370984,27.370992505371095
283,-25.2396683262988,3.934923757486739,-36.446838357287106,15.798483969764881
284,15.030716776076599,-4.484119734873458,28.208155884138048,-11.031615367092268
285,0.3634020995022748,-0.4098246648780371,-6.531089719506432,-0.9839353508853883
286,5.643757394666943,5.820316672284116,-16.06181337340731,20.746528149968917
287,-4.441263464348044,-9.53694454724145,16.04906120075592,-19.103965135707362
288,12.839104863022664,4.569625065901409,-29.559985060995263,26.547324235608045
289,-5.878928832732973,17.13939606743058,-37.0922095332147,10.831618753872153
290,-20.535647454888146,6.839168106334113,-31.580949050213672,13.28723511202121
291,2.6916240036756203,-11.752777317402083,-15.585963799515943,29.229113043884862
292,-6.242876324155539,1.2260483927923806,16.74773892654139,-17.007686489131668
293,-6.011291508431933,-6.239926379744036,11.367309290302773,-10.645089196178203
294,-36.53360832414664,-2.4804254465540665,-45.74540712263135,24.59023296012507
295,-7.974638575241844,-12.486232133087157,32.514192550035304,-19.19845053536422
296,-1.5717137599623179,-0.6128753432083707,-19.642468830742885,24.107468919727555
297,0.6373892969901119,-13.367041037342773,20.273116808649256,-16.438745431262088
298,12.345300788625332,-5.733004375564946,28.547493634712175,-11.660272511594302
299,-8.276916481617535,-7.227712695461526,18.55445484590952,-14.644322145660809
300,0.8085203322208044,2.0673987660152937,7.385589942245141,-4.429230415090387
301,11.033505607243844,-8.485775617132688,-24.809842392360526,30.14927657941157
302,23.25321277423076,2.5417084257311444,-20.374260059517642,30.45813626193823
303,-10.316003899707479,1.27671159761405,11.258439336984965,-19.076839881741282
304,7.030684581303008,3.170661523552264,-20.38099982009073,25.919467413134605
305,-3.0718435036195166,5.2988284399869,6.697631041199596,-7.627093068174642
306,3.718831039196137,0.9730196756690692,-11.7340714592779,5.826597349997893
307,6.802453849767417,-5.637114397636259,14.737488871807559,-10.314396985230472
308,-7.277061410089861,-4.403996963808834,14.665067639390395,-12.53038242908839
309,-15.310192633522172,-17.406955871842488,-24.069037194682046,24.33176354797956
310,-11.595404758504024,1.2732743264871964,-19.01904553513293,18.40807628258644
311,6.993960310358857,-28.17811952103123,-9.355966374970102,43.87880496834243
312,7.888088544625882,0.27871669411501737,10.83186870518323,-0.6738998657847928
313,-8.610378346751903,-7.392301078574375,22.351065307450796,-18.52270510417467
314,-12.55835879364808,22.367466948648563,-51.10463502549257,13.650359422676248
315,0.4097966392498519,-17.57561148027687,-7.24859605117736,25.66065125571141
316,0.31058410283017235,2.1830849022890573,3.8119267220169526,-2.3789952558244942
317,-11.463993846314443,-1.5911522494481134,-19.296106709293284,18.322405993816993
318,-0.23448141964449665,-0.20451381984068123,19.22116029943415,-19.994876361572803
319,10.388798231530787,9.080842509233962,-20.998421646552035,19.587675167155897
320,0.21242786296536925,-5.416265950967904,12.767506330661819,-11.701336801501293
321,7.3375692026292265,4.2937368789986925,15.773418438202016,-12.143575392156983
322,6.188893260370529,-2.245667093201076,4.546278628305641,-5.758442189336343
323,-10.431650227541137,-6.100676332975162,19.019099199489194,-14.474476366752617
324,-2.325535714656713,-0.9508073432059334,-20.447811951532223,13.33409515759376
325,5.535757346664663,8.045968117046723,-15.976852166544749,12.319909458638312
326,3.685804184598843,4.013644615520427,3.2490401798638215,-0.410827706118245
327,-26.62118655008914,-0.9052275162122618,-25.651825241112626,26.888582809060317
328,0.7713659550908556,-28.73689983684835,-14.327844457073734,37.32298816640077
329,3.502494402320811,-1.3676899541533927,3.9469859513980916,6.253274363392048
330,-1.3742970592266575,5.470658198238199,12.106443431864072,-9.853188585889184
331,-6.530714032928039,-1.3810003467283063,12.436674334393832,-17.162467027690678
332,-10.527696293957359,9.089536746661922,-8.424317279887386,8.965196038571564
333,11.62167042399516,-0.4695501681603,15.251712584686635,-13.088981281214924
334,11.522973602167527,-0.3385139441088651,12.838951166075962,-17.120100212111574
335,-0.6931665540589427,1.5434110776247238,2.8245641011192384,-5.438464722839129
336,-12.94711764026069,6.154785918784188,11.522340726262577,-26.370405413066678
337,3.729557496939534,-2.0237576417618643,-17.16161647532538,17.5705805035722
338,18.69187784526773,2.0102064663261663,-21.479565544963602,25.25199968074153
339,0.5440833612121828,2.524311021194938,3.5287211439703556,-0.6027978942280572
340,0.12702127799891438,-9.68238373669841,16.74391191396481,-14.975038927212607
341,-4.4634731261801255,-9.711350749811839,23.83912034161237,-19.765557049988825
342,-4.731971227349356,-4.919687682782715,4.621303540327212,-9.607895758995987
343,10.294158795762279,6.426401971762612,-15.387486187995655,14.173977488042466
344,-2.114942756901303,-17.796511563747064,-4.504719419437777,27.399918981655595
345,0.2622344159788198,-9.054214377674898,-18.89327538380405,23.545709102405837
346,-20.429255433676687,-1.1992842900397187,-21.43415515296601,21.264728065068798
347,3.0628423808316287,2.935617945867165,8.698472111522491,-4.053039203524492
348,15.340144732564669,11.605824661876904,-25.8198220711782,23.31791872033963
349,14.995950734665461,-2.2591362733323894,-16.37456372669313,23.694351766678153
350,-11.90091517114049,12.356151678318266,-32.96512386781623,9.732153485761877
351,9.523171663531466,-1.9647954552568443,-12.772052147071287,14.042400499855953
352,-16.829765870325485,-3.5197990107256967,-28.66271503408745,23.791683231488715
353,5.367255553046462,0.41528389732062276,6.151452391706165,-4.3945259897042765
354,4.506432075173272,-5.96800519091243,13.185607455104003,-10.311950160235485
355,15.813085235585053,-1.9639192545906443,23.65220205808088,-10.32590932772703
356,18.275001065222984,3.9362084435114926,-22.573455694774204,25.140845186124402
357,7.948268368059471,7.897767930918312,-30.808250534834585,16.694536650902926
358,11.41386073944612,-1.2067272512361078,24.272339561379017,-12.286130407577826
359,-0.9011962874917111,-0.47353898477402095,10.587864673262358,-10.95543756854911
360,-8.336690538649293,-4.647975992088953,11.288325559012788,-12.34361709694638
361,-0.853970310509588,-32.779668930384794,-9.238525542824533,45.118421474698245
362,-2.52256343516652,10.883671648999428,-13.013380637234109,4.912177726619071
363,-4.5107124314521645,-0.1816708257875907,-39.30207523988609,18.25033048369233
364,-0.8029395761072398,-26.236478544763102,-10.978932073811881,32.693990050139796
365,-22.218285266616668,2.8928594251000375,-36.86792949050627,11.456719014768735
366,-5.319896565101751,8.582731775056288,6.995951452293227,-19.15334158883736
367,16.812404163464088,-8.244360162434674,-24.36587127219315,32.746577274826016
368,-8.617924137263177,-4.476975353358572,13.555519739469712,-12.810471798583007
369,-0.12263110126155961,-3.506158267593744,17.578533738054958,-13.721346055983227
370,2.9367445326848425,1.3390385011819583,2.4378830535469174,1.8695648872162518
371,-0.6764341394433645,-18.517820762554614,-14.645178681490433,32.2376853256429
372,6.4608816426323,1.910094580005278,11.560979945521519,-8.04509528856317
373,2.3616156629718295,-1.9023183578029483,10.582667481607562,-4.180782574490263
374,-4.00178313196299,0.2069433211537922,-19.461917244805274,5.939831678014638
375,2.6293186686274663,-3.9278522769729127,9.763417708156087,-14.056786416092377
376,-10.840772771332553,-7.278784193203777,24.3400052280994,-16.861423169997806
377,6.711016210978033,-9.666409748066144,-14.872937177180383,27.143764944251743
378,14.735736125657501,-6.884433578605577,22.66611694780472,-10.527440905412663
379,4.171732184482985,-4.591905703882093,-16.94011096502435,13.672847365941013
380,6.9850752379218335,-2.910025130445069,-10.594370425046677,16.072661076893617
381,2.9999208725723636,-24.94851319796326,-7.849274712510811,35.123908755090895
382,17.085197105315544,-5.578442244021282,21.862304763852716,-9.33755452928648
383,2.645181093655035,-0.8674592757459343,8.986796282349749,-2.597282677748481
384,3.5551221606493613,-10.97266692521566,17.542103998824114,-19.47663540830388
385,-7.764973028004403,11.79839986583875,-31.134681891320206,13.069050151125113
386,-2.279924339810187,-0.29481372621440943,7.7697362671244745,-6.332088265685171
387,2.6433723862246294,5.507069075396216,-6.788724491238418,16.009250227850195
388,-25.7029510683823,-1.872911912764387,-40.558510439036816,21.334423311684812
389,-12.181184526878605,-3.4917929129809857,12.543393830318191,-17.675707730738978
390,-4.7078913316711795,8.534930767294036,4.5999051645362705,-17.745949859258694
391,-2.9779046761914554,-5.025710109099886,14.852732449902406,-13.170008343996212
392,-13.31020203686075,11.844004509784327,-41.509443737803274,15.913907689356233
393,13.390348009115517,7.1058141251553915,-28.944678016103033,20.91453004573159
394,-2.558459076019534,0.11469831268844452,-23.535756928348114,22.116165662728356
395,9.815756055983096,-0.9247175912248757,-22.130224855527555,29.73276255008775
396,13.568120429745836,0.7250112833007003,-17.617547427227436,24.376448156052362
397,9.076113326926949,-11.678420419728178,19.440136759868068,-19.177531478578913
398,9.284038892929074,-6.393080637206429,25.420539605270733,-8.15503348197333
399,10.60472139615977,9.645638589837777,-28.124231764405373,22.931556037886445
400,5.042729334397982,-34.9801745536472,-14.744368773249837,44.11221101896497
401,-21.05000442081549,5.679928172439641,-34.504027930848714,14.539745987671477
402,24.77621860745493,2.478160853824246,-29.775858893958976,31.92945059984749
403,-2.664164564692395,1.02031804186059,-27.75399188933107,13.7361366930916
404,-1.6191866407842372,-7.063213450712522,13.724932741918137,-9.173005641453495
405,-7.558210056766361,-10.649230127817534,25.013556883575134,-15.525483203685827
406,-8.47197409686236,10.472335149366051,7.752019269081765,-25.165483971938436
407,8.284975131277214,0.08318943783812088,13.60233616026504,-3.074253420232239
408,5.308426083160557,-0.020322023763679975,5.855751781554723,0.27086492687089103
409,-3.528497296865431,-8.346029056244065,20.64917351103761,-12.090183807636118
410,-22.36168028160247,-1.8068150306542639,-32.52974313132504,18.236381097759608
411,11.000380280627096,-8.4425569123103,-21.06773103896343,24.871620679212626
412,-0.5806261309422625,-20.40832020540009,-1.750355145134698,28.982976466112067
413,-6.553886261004656,-3.2442412623323453,15.47974171685917,-14.486114407739175
414,-0.4568584960927048,6.566951863791411,8.397040409392309,-5.29921180698109
415,-19.614585913062495,9.321503987471408,-21.44982947770289,15.90596225415363
416,-4.776072736345379,-3.7587190573173057,-8.706925657130004,30.00485034014252
417,-0.960213900996996,-4.673798261137192,-25.604261493275025,29.31682059254084
418,2.156795133357156,2.2489265691148987,3.6933474182161454,0.18992234003392475
419,1.6622145239472925,-32.08865261871946,-7.96747212217031,43.79092893810318
420,1.2605416923302246,-4.04480657560612,12.691825144902134,-9.676395203640023
421,7.957235970778654,-19.248100743052547,-13.90723152185337,33.20393107744961
422,-5.209480394310492,1.081560961039118,-5.719576254708109,4.084246580682968
423,2.8767501395308557,0.2701554766765768,0.36818569618876823,3.813563761185835
424,-20.42226009897385,-7.78270211818105,-33.110319181002616,26.61746353191403
425,-3.8194628288788506,-7.957527072029621,21.739540866726326,-10.468718546612953
426,-1.4781648230850077,-7.059086961096677,23.291527806112317,-16.237277667613473
427,-11.689707813087294,-9.93833949020485,28.2279721233284,-19.388732166187243
428,-7.916463276877548,0.12386492917170938,-15.070733596338712,9.73055500927761
429,-6.663993307174719,-5.342571895633137,15.591083573890968,-11.259910688036506
430,16.88976358226332,-3.564410351405451,16.811570781463256,-11.451345129456957
431,16.289365527982852,3.8353157588779845,-29.043127856351884,26.279412835371726
432,8.818713457155493,11.720465364241063,-19.551331906081128,28.789702131193216
433,-15.030840195947427,-9.000016813370541,-25.832920410295877,31.085927157407145
434,-3.6488750508847807,1.7288291080630378,-11.240372383360013,25.591957328537553
435,1.3494117371056713,-16.211218445891568,-3.90222182669817,24.54229671299411
436,-1.5707807570418268,-5.701472912986621,20.800788100637824,-13.08059858957282
437,-0.6645103915403378,-10.13584279159823,18.70944820209799,-19.425460947990377
438,9.52985325035137,3.512030112882458,17.626317029698587,-11.364854952242895
439,6.643369194718795,-9.571949189186979,17.663174019518962,-19.727484347196395
440,13.547855092357453,3.598592899062932,-18.80496100711985,18.890390843163757
441,15.732660931062703,2.717774657596422,-18.175243553072633,19.70079995377709
442,-3.1032894484138365,9.251052141716974,10.40516197106822,-10.650530836566013
443,3.365234581315284,-21.320895312140713,-14.535958784311704,28.60971691165504
444,-2.8192022172675166,-8.899480817165825,23.458935473600558,-17.136707228556364
445,7.149510962837517,-9.630048304594622,22.691316336563162,-16.27515116249075
446,-8.84680454460618,-4.101808507669033,-18.924703384266476,15.904109718566696
447,11.007115153149872,14.530245922736063,-27.69825558142543,20.644477523440262
448,3.978456469644792,-18.541819904923194,-17.327419795461534,34.10218755613016
449,2.3005669734108323,-1.3800930989782534,-5.603930341963273,17.97460782916345
450,-23.66979381702038,-0.22033773782529836,-20.068404134111987,28.18388510506506
451,-21.287309765554525,-1.8973629725752903,-22.68710080206897,24.027212578900706
452,0.1431589623026417,5.497019464738203,7.272308632646678,0.818254458757339
453,16.984985387587574,3.484190967605152,-17.2612909115498,23.79601812339862
454,-2.5297080523554762,4.509254641397084,-11.025374125562124,16.53563701776297
455,0.46166021540059776,-5.337694756965256,19.09287933579631,-17.34800808884342
456,2.9694637658850973,-22.863104688830102,-12.442607837347346,30.32128008381351
457,2.8820095158402665,-2.098107897944354,-3.926179458822473,0.13248461279064302
458,-11.352504697732211,-8.997772718846077,22.7730628470948,-19.138576561094617
459,10.674479612547247,1.7935956917158076,-23.586772720674315,21.012459226137942
460,-2.0057070680746505,6.26006775357441,-10.568033100802111,15.160475382663703
461,7.991263068873398,1.277404994322942,20.236356598254847,-11.814246063723514
462,17.12984408604568,-2.4683696357950513,19.397328242359553,-12.413149026597958
463,-22.88971200731861,3.925372712932498,-34.54071033807558,12.808699284529123
464,9.344295996823048,-19.48368605074122,-14.978989513780911,32.88855436179401
465,2.4416634142544327,3.126026021254939,-13.710316763230816,28.012244042310165
466,14.14990070940366,2.3762167091401,-16.884287624532092,23.154992339586116
467,1.00294214553858,-14.924712072911655,-2.3103180634400973,21.927870333241962
468,-21.523234037893126,0.08996024765796146,-25.049102626732346,21.320085947009648
469,-4.612403824677592,-8.977594360367537,17.1183019719501,-20.901182164902448
470,0.8200795689274254,-2.612885644536606,10.713128265922805,-4.888947776421267
471,-17.35475848037638,-5.029764736574956,-27.404087160266045,24.017763889946114
472,-1.0738308080322485,15.435915241839727,13.920470824507918,-18.46132761055667
473,-36.058725402059615,9.808932911804362,-57.81811850951104,15.686289727121974
474,-3.316792288297649,-4.938123900135656,19.934551627157518,-19.328418051776314
475,2.532500793449027,-26.592587063282945,-24.966319819620875,33.037410851116476
476,4.505257685383389,-12.967234861323584,29.885681182278756,-14.150557115283812
477,10.992970414596343,-4.005374347193874,-12.281937981463575,22.192335314469034
478,-9.545973615046872,-3.4265297076933505,14.361747288372463,-15.915452525083879
479,3.6301169527540176,-16.170953450062754,-13.09292308645191,23.45113905775071
480,13.997575233790204,5.046860124612714,-26.93710825686316,23.861289823700442
481,9.320413573297026,1.751134268896287,-19.545114683544313,20.563113812176223
482,-7.973079859094815,4.497663947420881,15.064599804471968,-17.38768706864175
483,-3.6470231252179834,-3.515785530387902,6.302259239748239,-7.988936801976062
484,-4.140091619079135,-5.420805072308334,20.935682175310284,-11.51148549672688
485,14.895605446483467,-4.980175916965468,-29.23406291382034,31.80084393826677
486,2.8304625218258543,5.333447905916952,-37.94528036722581,23.062212869126274
487,9.594506027887165,-2.983212546137049,-32.06106569138629,26.66240047568577
488,-5.810218344364339,-13.623535900464551,-18.20999381347635,39.39581665873077
489,16.31920702949288,3.754231554982364,-19.350245140281814,21.116686571015073
490,8.606984261298951,-0.032877698328269145,-12.95518747957906,16.916608354331025
491,0.15961627908833492,-5.596286164421438,17.66797047367485,-22.285782666463103
492,-16.015713451586922,6.890764663220342,-17.858588317970742,16.28042932348436
493,-2.432584948124796,-5.576274497114354,19.211444751228058,-14.761598623403168
494,-7.4055450329113635,1.1636913535985884,-25.612901345310174,20.83015358890774
495,16.64113319676126,-2.7109937101219916,17.34334710313925,-13.151257778994607
496,0.6784089827318082,0.011627142861862061,3.0547718182448564,-3.7320397690443072
497,-3.3841385125821835,14.66144537395992,11.002505715337772,-14.0677607488606
498,5.764380190019001,-11.199412472466669,-10.034373323262123,19.45861230185794
499,19.52053281211386,-0.4959613339553876,-27.978032146237485,32.83756024979628
500,3.006481745738934,-5.891157875017564,-17.453677676522734,20.061447205480686
501,18.992019367444893,6.418405421660003,-26.22811987772028,25.576078903771357
502,-4.465078727975398,-11.184978778862183,-15.284166606711796,32.79379749399258
503,0.6996767355879742,0.07855247466150223,-8.351033140050646,0.30984857574754
504,1.1538005510019251,3.9031003910788646,13.017026647818447,-14.814626592626789
505,13.316378514825512,-2.028433552145528,26.34098680451943,-13.485250563591357
506,1.673725458338871,7.300527524594786,-31.15573591093484,17.54586441706178
507,10.556385514066925,-0.1159914155188258,-25.228457965634828,27.116160127320576
508,-31.777036968710103,-1.7293403696334644,-36.6332061971644,28.719070398939287
509,14.548910354994181,2.4149085156413395,-16.33748101383926,22.59840094860484
510,-10.101363248881912,7.398037213391346,12.743489414343058,-22.90139588944807
511,11.261207321641798,-3.3873270966300417,-20.890080854814915,24.81048818424208
512,-3.9950133377055015,2.292636507019826,-13.437732351342245,11.741560633220542
513,-15.955692700356398,5.226954969866627,-35.171047129470786,20.83553288125936
514,0.5024985425292882,0.6970331514464954,-3.204233983062086,-1.3078148561409328
515,1.371827155102655,-22.161122187777423,-7.943643239393868,33.15560904414515
516,1.9495624246503716,-10.455703685190826,-7.172126179353346,15.489864194307405
517,-12.522358440548075,-2.4271849548845514,20.164537913497515,-18.788670358404286
518,11.57120546792039,-0.7796337176569952,-14.33205901307423,18.45640619461689
519,-1.5591425432885768,8.420821859945978,-40.372517896719046,19.16405413151571
520,4.115833044253901,-24.178503432869967,-17.62589950183119,32.251596410684066
521,4.74698410822033,-1.5895476634460366,11.906162490406912,-3.7516572314059
522,-5.259528591201372,-4.57074024405248,16.63192887665251,-14.497208706851866
523,-20.109562577261055,7.4810856488728135,-32.0581146093131,12.858353436298428
524,-12.553507135881286,-10.406722885089078,23.43505286905945,-21.32172377495536
525,-7.143062512785939,-4.2453533021347445,23.817081063034742,-17.642949967464848
526,1.7473922766660814,0.12290495425821665,2.885010080518769,0.9074407235596766
527,-15.364635786555452,8.607422383783664,-18.682615912583763,20.26568028884892
528,6.90334781074368,13.689156693759115,-29.464352438265948,16.43044603843496
529,-12.563405932296389,-8.984601702235082,24.75515724175622,-19.813461101694386
530,10.208353545127176,7.645164279265929,-13.23176801737394,14.499086758689137
531,0.016372654826200483,0.08622658779990283,11.135904043393586,-8.668019931421544
532,7.2814808888057465,-10.220116239622763,-15.232763768577755,26.170039476130498
533,-14.813108959440187,2.4483951209301495,-25.45313955071023,3.997226709585959
534,-6.501240984498655,-1.7933525519384999,-24.831202308265595,5.155538957427512
535,15.468038128275438,4.385731119863188,-17.706994889187417,20.690453645071052
536,0.5919258579548973,-1.4843392493719014,6.6805271702043125,-4.874052516841919
537,1.810465786261769,-0.6091340440175292,4.613630469139685,-0.1662407555794439
538,8.117966862065492,-6.8414099140952045,29.942227467511355,-14.95846457553211
539,-3.3459454004424,-5.962799207968166,14.37382465333646,-16.131522440606272
540,-7.61553925339979,14.663260012189326,9.437221573836087,-22.312724337971428
541,-16.950414897494365,5.445610938972361,-22.78778920710122,8.923876741980866
542,18.530702845363955,7.402505009085741,-25.440177059212658,25.52497568556382
543,-2.202100832336663,-0.46099032486499675,5.476823629831206,-4.021399869027565
544,-9.718340338259097,5.6718060387223215,-25.83307867766896,14.365092345027758
545,1.823795534916872,14.404998510489582,-30.242920647077153,14.59541273188933
546,11.968169222205262,-5.3006341860411545,18.402477694335143,-6.790810187969764
547,-9.264427466373258,15.201767185854646,13.015800175198196,-24.75285039220578
548,15.49507505212232,-3.800735197595201,22.214788405249976,-6.044336264313557
549,11.221523288507044,5.89703820226552,-14.02686488617819,14.886075492013845
550,-14.459430039678319,4.570079122309119,-18.191900794042223,9.284924379208766
551,-6.517131339705392,-14.568133768616747,21.979374217800753,-20.045373678623413
552,-3.1369642100899133,6.504585350725942,-10.640771834031609,12.923856012039089
553,8.44837992591277,-4.877429918374815,14.823630207492569,-8.086138165306062
554,-8.848087952554685,-10.79919828561031,-17.44915218229874,31.92442062166723
555,2.2161375760904267,-32.71239421306479,-13.915055005831707,41.88633482981926
556,0.199766537413605,-1.2242734673469762,1.7344313150221053,-2.8401667645506303
557,0.6528302072166685,17.93232546285973,-23.1153965089618,14.175175583961908
558,-0.5096206776161851,-6.031742790489386,-4.189331576530154,11.047837305364633
559,-6.758658239842915,11.496896848094138,-29.89283907904588,14.99694765848432
560,-4.023871211390655,-4.912835828066868,10.277460752014283,-8.203329801707085
561,-3.9285796764064544,6.543000217021812,-17.606802512892475,9.112698942636744
562,17.77292610042782,-2.141224283531774,-22.803913534815443,32.87298696590857
563,-2.434939033610574,20.662561387264564,-29.205033413679388,19.511087215132576
564,-3.7891604440251876,8.334451826646925,7.1370230498296445,-15.65052825623934
565,-3.502332267285406,-9.1586000580466,-17.34375972642463,33.54764746672621
566,-33.57173225414239,-1.192559786542394,-37.34824930552183,25.37779103432213
567,-2.025200560824622,3.082515509684284,8.689029063293699,-10.157432173556082
568,11.179517880257391,-1.867681957722676,24.315770681079712,-12.5165144711238
569,-1.567620592981496,-0.9805373906569854,-17.774515454295692,6.337093242900288
570,0.7395655384197417,6.547479123538376,7.522759284284287,-5.024799606770261
571,-16.363728825507646,-5.636052671284903,22.82320725040974,-20.612835350953397
572,11.251633984970345,-2.766014202043399,11.54988009832016,-7.394255978990666
573,-9.055182473235757,-8.37896204696226,20.16420868575694,-17.53369020280983
574,4.707773559607013,-8.406256498081575,20.519480177161597,-8.167588811908017
575,-4.065159549318282,-16.029066661967274,-27.437071880679138,29.568430965172514
576,-3.985407090382996,2.8812842599949873,7.127433362251527,-8.19131866070572
577,-5.166431625453558,9.746305598711785,17.054139151259932,-17.42978288817195
578,0.29821967353299966,-16.954254226888008,-2.8306120598018514,27.346138395440953
579,-13.149799845996332,-4.239588409799871,23.366721957993054,-18.628436877977748
580,4.755141378659768,-1.6401205488039112,11.53987916407097,-10.453427531102637
581,13.671097108373143,-3.9146986361621714,19.226490704709246,-12.63230538881843
582,-0.8905583213410281,-13.149285033558687,-23.757698803371063,33.82033366121801
583,13.652319778003317,-3.1683727971486224,18.33722187852307,-6.826657936821257
584,13.132141708722612,-1.4470955721347047,23.162186511906267,-12.326807139541359
585,-1.8188734461287641,0.4208728086057131,4.486342690130727,-4.973305976925242
586,4.891278932031784,18.887241580047387,-22.744179009546887,21.979243282149195
587,-0.027179625727082005,1.2711308169798052,-8.72011606713848,4.826985905187506
588,-1.419046403387995,-6.518038780378164,22.626398974345914,-11.736665503258395
589,1.1028863998171126,2.7858344904180568,3.794656863937273,0.7570663156435825
590,2.5958229656587393,-26.980240191054506,-22.666029883102876,31.76591775410647
591,5.045445780187456,3.4638711494140773,-4.185979390280816,6.532896785647265
592,-6.521077749196877,-1.659343702264613,9.889856043787518,-9.831084369572757
593,-23.04931762645824,-0.5681350882619296,-23.091394836522085,22.652949603555296
594,7.396491325745886,7.776988026984642,-17.325941102554435,13.839483456367851
595,0.1817035960172891,-0.0003237725947682346,14.903121919211271,-12.295861358253612
596,11.638261695559702,-9.628800185629212,-26.823278999621564,32.0734704858245
597,4.56811840870464,-11.4745577749921,-15.778833203603968,30.00791648200886
598,-5.314815216348501,2.068891572762983,-6.308176985140471,19.459994573967972
599,-10.685964639293456,11.203786798630475,7.325372157271239,-31.66473458763924
600,-4.522696346453498,2.0803905550067183,14.482942900318037,-14.944915466292084
601,8.831605043715305,8.33642880234964,-33.06510740743236,18.17031641717904
602,5.1580947691082955,11.77179200223015,-28.719756294927006,21.534950080258206
603,-5.302486338087234,4.1946364434623105,-6.665366380801263,11.713167485345037
604,7.598566231914163,1.0031434239411705,12.390197668867772,-2.0624711891703305
605,-5.2318070736724565,18.76893132252758,14.928753649908261,-21.89272428115599
606,7.4423250031273165,-0.8954988503419279,7.899529978680108,0.16089381818950987
607,-12.17734719365465,0.16867599404130582,21.956447629526995,-25.268279367280126
608,-26.118253899712847,4.218455447213019,-42.603941229012186,19.646103152722144
609,-1.259672774105217,1.340272363913728,6.419441071269069,-4.740342608917758
610,6.470279052333675,-11.363125919032385,-6.99641879104188,23.2658736636866
611,3.7804309547697073,-6.843584479285362,16.504711780735548,-7.808793656777454
612,0.11268150118100675,3.929947409978897,4.490416631675367,-1.2656618912652986
613,-8.606717493650901,14.62648844071402,10.566392160145282,-25.49362885961243
614,-25.011995700755115,6.286752195663533,-30.63142721660027,16.882674318582332
615,1.5715368361521656,-1.4780856531004154,24.30060500231337,-19.616369991273626
616,8.068911926362707,0.1381320209456381,14.989247619050545,-3.9670348586221205
617,0.24168253379703858,-0.16041768997610678,2.306733968561878,-4.632567463087481
618,3.8437596495285917,1.7784355816927226,2.5891029169623847,-3.2423425194351836
619,0.5448881647454826,-7.586351100410999,-2.178845196356197,9.782351595426
620,14.367506490837501,-0.18698526599806037,23.64840146961705,-14.77672887046592
621,1.3439861250118774,1.5771922797557414,-0.7536086166876581,2.0728453479153783
622,5.331056682081707,-0.5749981562556046,12.50613566121946,-4.078632613293461
623,-8.951729407544306,9.795922319504,12.39881251398937,-23.679492587648046
624,-4.76341418419699,1.5703570346838573,13.43465912782245,-18.614448975147788
625,-1.191755533664464,-5.395849866755078,19.456504943296565,-12.146010576453484
626,-7.560098450645128,-12.530985132389612,-21.42678681631818,36.27237554026594
627,16.405422963102474,-3.240715377262402,28.90648477844714,-12.466583840227065
628,-5.821327567094194,13.839981198818888,11.427133835463291,-20.474227060722058
629,8.072136067530819,-0.04572949779326779,23.058589223422327,-16.6105111237387
630,-6.933871151272199,1.152994454341198,10.611015164580301,-19.98442419112207
631,11.419666949169121,-8.058699348507377,25.78702914518759,-12.641082471879475
632,-7.76801573163564,-4.6036066112125855,11.2190754322638,-12.798350297700951
633,3.380443292780881,0.5709578223622672,-1.8725929297495174,1.8359620749886743
634,18.173306132735167,-3.995513365972207,25.927215212551722,-12.438482541137423
635,12.917509289962943,6.267381610664946,-25.728569862991403,31.439122134997657
636,-4.492371842267716,-10.948849572931868,13.11718615282495,-23.430057882842252
637,5.660977990555253,-12.113013353269254,26.29042013244352,-14.00427002351332
638,2.3715749255717213,-14.418884552150022,-7.912364329151084,22.00153201756198
639,8.728916607573034,-0.9960369738792254,12.454602564367395,-2.8901484114711953
640,7.751038041094793,-5.577620544634222,-9.880160365885077,30.052775198993274
641,14.861981496088317,-4.209140217700885,18.064860682561466,-6.612395186031104
642,11.349685537509508,-15.670344421515892,-25.974840232365015,34.72884421039112
643,3.2132869096317833,-6.821739826400812,-22.65824247052114,25.65838005919393
644,-14.776648131005054,4.430667786343668,-22.305558393056714,8.869342483034277
645,2.576115477061566,4.841981528925738,17.468092648429323,-14.184313093370953
646,9.797241541353998,-0.08577131351847667,16.455754358924008,-4.93997720863133
647,4.909438946386533,-7.187869151417981,12.598367548534103,-13.061286122802265
648,-7.648633531040468,-6.301821685224176,23.117693075013502,-15.13901470210537
649,11.871198755249548,-0.867995110263801,13.51205743022192,-8.30344757532796
650,6.3040187937286545,-3.5349923114622386,5.290038630211559,-1.8466234230550973
651,-3.850900591113786,11.34490499021577,9.86511933033208,-13.724115933889554
652,7.357180828275679,2.659385432801116,-17.29708315100379,16.13890378140284
653,-7.643115790769921,-9.460488916430306,22.354683804555002,-24.942622059767615
654,-5.737053702801961,-6.987357094773558,15.109030037357853,-15.333404708959606
655,-1.754442602439426,-4.551708217189492,-14.885135018977337,19.761389717549427
656,-2.1396004371583195,-7.562642402782501,16.629433747135476,-13.147611290537855
657,-19.147953977824606,4.507084548485358,-30.228512676000037,13.379303799108609
658,-9.787899635827422,-5.963863152730511,20.346605615370176,-19.9700304205898
659,-28.882668344315924,5.486974796944952,-39.43903507141884,21.618478481655423
660,1.062947036823942,-24.389232160533247,-7.2182754586670494,29.89837430328557
661,2.7624709583019187,-6.509068224663724,16.960991789644602,-5.478221481451019
662,-2.7406256516016323,-8.631821979257579,-1.0488889416455751,11.74265110479564
663,15.064524681625157,-7.5881839271757245,-22.716803886460355,27.747293784778247
664,9.229050927501715,-2.1231141963909317,-13.728141520822858,24.981698616143493
665,-28.531094265392056,0.6984391035890323,-41.06669206310934,16.379128185455947
666,5.472989983122638,0.994971939954598,4.612186201349997,-2.9026123487820947
667,19.22376042199555,-2.768951528340628,23.8575969484061,-16.194679924074833
668,6.608510446026703,-11.192011814362338,-22.293772647093704,33.78141639472502
669,13.117756745996594,-2.434022199059111,18.934871145730863,-5.916266263537769
670,11.685065813469775,-6.503835683284876,28.293280623924048,-11.277602634549895
671,3.6700793095113693,-1.4913260288834618,-15.057296067484906,20.341328170588273
672,3.2532490342610463,-5.4791672294263245,14.032135256401872,-10.080322689327348
673,2.4271459100135617,1.6689577546476728,21.533206291006397,-19.014915754693718
674,-2.516083456082692,-13.47909850550171,23.505505454241913,-18.431628581465883
675,-16.09582951471891,-8.207514267142663,22.58019611921361,-22.84323089631005
676,-4.315689118663791,-8.061136851243337,17.2552125757872,-10.19026870773656
677,0.9784900050822454,-1.913040622537466,18.757305542270867,-22.445405993091676
678,-3.49705315743197,15.814635185170273,12.971319627966214,-11.931322833717363
679,-6.676824804895212,-4.4845507767560635,8.998938545417946,-11.781373896103277
680,5.021941731755095,-11.977886474400835,19.87221580518865,-18.791675390766592
681,-23.761731299701747,-3.190826186899753,-28.77110268415586,29.022010510370652
682,-7.603001936714096,-5.6176746192198115,7.975323343469459,-16.73254843214724
683,2.828464981949484,-11.08921337956039,31.3421214966564,-17.108389131391117
684,2.69849573344553,-28.081710490931854,-8.61173193184347,41.78236580699181
685,-1.0879345792724413,1.428660709607454,5.102190145013581,4.614568694825612
686,3.5827135423999947,-28.497432925737243,-11.317332182727938,41.01597878855679
687,3.144855582292372,-25.665091921935286,-12.761380722309921,37.428077894051164
688,8.084711254586619,-0.008640482732784116,15.007456468105076,-4.28835456145709
689,0.48231639749839816,-7.855462705693621,20.40363800515852,-17.658907730653233
690,10.18539734134837,10.22514699819873,-20.977660977514073,18.257502939907948
691,1.0252873869354504,1.3231826155087238,8.665640737542313,-6.299690074253801
692,0.770986366311291,-11.403003788327823,18.47421634678103,-18.351885193717237
693,-13.818569311407295,-5.516129835793078,16.94129329664227,-18.466350767112477
694,5.386266548271313,0.035024596623523196,8.307263666086898,-0.8470860115346348
695,17.539254989141348,-4.866190572741203,-22.83552850217089,25.723236218174282
696,0.3374967938198508,-1.79994423165186,8.3265148416726,-5.908192395738674
697,-10.455999767488917,-8.124475631743731,-31.537369619399524,25.423378750292215
698,-22.635006233270296,6.762778365464093,-26.33820959489534,13.87823537579562
699,5.422676293119117,-3.1812123244666113,-14.133749886969877,12.7020769167679
700,-15.179396787337506,-5.729624402551947,17.579226768919117,-19.05549268324839
701,10.313185438117259,-12.256661665639008,-9.335434740859709,28.931691069124902
702,-0.04066263872381841,-1.0619685342306822,-12.96739030701712,2.983531002527531
703,-0.17565729124878826,-2.236646409734687,-17.711105448149297,19.107295091136276
704,4.197131264476352,12.74919000821412,-33.7015839486613,17.302611756220198
705,9.839585265364413,-15.563162682635394,-18.883460857169197,36.545908103459986
706,4.585672924262306,0.493763676893402,6.031344289887401,-1.5907669357643142
707,-16.627937162162212,2.982491229824174,-21.265949978186228,14.441154598731998
708,-1.7081204415929319,10.68807261429978,-38.76632637719052,19.84354656967904
709,-10.579799870548829,-0.25399212651362374,17.400215275529515,-18.44227087776164
710,7.229320459825723,-3.2825559726379923,21.629884889857355,-16.683281000918214
711,15.691625163606943,-6.443111363243429,20.378899590354926,-13.119242922441149
712,-6.5162341083799955,-0.638148615398388,15.55873699224782,-14.24558844220567
713,14.029946953142982,-13.297103027218718,-21.168562859997337,38.891173210016476
714,-1.572582990326062,-2.2620361883354154,2.0787044700042405,-9.534796866126408
715,-0.547300369378718,-13.80476680277464,27.338366925279708,-14.812293323604043
716,-26.420726382404865,1.0008633252237,-38.41930298092356,15.88834215369356
717,10.744765336542857,0.9087243971831827,15.688564547504225,-16.993517312848073
718,-1.7631762355949292,-6.048705044800813,20.48350514861953,-14.057197993440816
719,-2.347702954599171,-1.5651684719060341,-35.47352416595059,22.135848368340298
720,-8.623666090913236,-11.326889744050662,24.34311210490183,-17.64656721737742
721,9.355081975562028,-0.6430610302650868,20.17753140395425,-18.788040318251852
722,-1.6857258665995851,-0.582219616346084,1.7627857519248198,3.2673394037899377
723,12.654766901710426,10.359970295156735,-19.707528840016103,19.152846025317793
724,1.5587430331288719,0.11230836049055823,0.7974603337683456,0.3201482217555242
725,-11.661747674857848,-8.92646712400161,20.492618773351477,-22.57925281261349
726,4.681667180414714,-9.201315162970774,-8.394853773917522,15.7875789315833
727,10.684140125607316,0.2244542898262932,-19.32192977273741,24.87608474250946
728,16.028817797538494,-2.888467561232849,17.996851975266225,-10.585695946363145
729,7.647657928486056,-15.842100482295244,-5.718746209307472,34.40650196831277
730,-0.27043550736473415,-13.181384022319792,-6.5673624615168515,15.142691326448544
731,1.0127650962074064,-2.5392155222252293,16.357037603898462,-9.606932108136622
732,3.0615583709821474,-12.67413473977705,-23.0266809912907,36.90193334556227
733,-20.72230752829393,-1.3959344873666832,-31.03941013827903,25.66722820324637
734,27.444192449624694,-0.31533446254939285,-28.699885403554124,35.20134687940103
735,13.067132662797018,8.707069579464513,-30.79092946370109,22.378514239823517
736,-11.4245178622254,-6.211284331634363,-29.69554124885243,26.45872628134229
737,-1.4159583748559166,6.953070539147737,11.268604858904236,-17.16015628126878
738,10.93247978406753,-8.777119773168447,-26.742219100664403,30.193333917190138
739,2.310204512062642,10.019403242538635,-10.047178335496643,8.09698460103045
740,-2.361224955399387,-12.412636072464307,23.01059839218064,-17.45137661595462
741,8.769793988711678,-5.086536720740882,-26.257910803534134,29.38537815125702
742,7.254883390779171,-15.91514537366901,-12.050520588742566,35.73743089229554
743,7.79693048819166,-17.83916241603808,-10.900794815579092,32.39179402712817
744,-6.723390541452456,16.23652134383364,-34.982319132722274,9.200343659862462
745,-2.8574897857777266,-6.947881660375675,13.736544801960681,-9.543948393326694
746,16.93351390105059,-1.217269128595696,-23.47657411004135,26.99408251695594
747,-13.951777864057721,-2.534977866298965,16.133367567199404,-19.30499947832236
748,14.93095480227181,-4.246605640550484,-26.697004213084114,26.979267455060334
749,1.5714109266417073,2.603213576040059,0.6887209861177138,-0.6635253093777391
750,17.469889009116475,-2.6335570599035902,19.98461004332416,-10.040127869041342
751,-14.124078159808635,19.645819767012796,-43.70189242542322,10.973444663354332
752,-3.9604657985346807,8.496023202595765,8.960460849990067,-12.335777577516128
753,-24.128465094559452,-2.0802856890280297,-24.057403256499292,26.459565426437166
754,-14.820319719312222,1.0535506498976006,-38.4822816427693,18.407967170980495
755,-13.58222180206036,-6.278310118772582,-26.44782970877792,31.26508102274787
756,2.085111288209589,-4.309508213658184,-1.7324184568858207,5.4085839227351915
757,-3.173376442069321,-9.902450333613327,25.504438668787916,-12.956762777523698
758,-21.42374238369776,0.9289319574007264,-26.92161343355955,17.193831794238122
759,-4.691202177498535,13.624741442901358,-24.710345776378713,10.054063112081769
760,1.1007923098381573,-0.4171771020128067,3.6804301559500114,0.26465387463133205
761,11.775092157856054,-4.307799896385861,12.540358122024312,-5.291828642631917
762,-15.718575554941792,-5.126387125783991,22.50271831594512,-23.64323795476228
763,-4.961330274274707,2.7712984604365136,3.450497916804111,-16.51919001630908
764,7.168760833271012,-1.952358475211256,-13.258225279334006,23.986039709890427
765,8.85275249067735,-6.38298718706771,-22.703786498834038,22.044593501845814
766,-6.761217158537708,-2.031550141210054,13.643609482033282,-10.941231507751526
767,-2.3630278782707443,3.8141511701512525,5.291574801725496,-12.15759142866959
768,-9.128968790927456,1.542359402150982,-14.393809525650706,8.941761438820782
769,11.518290388331424,12.684035681568371,-27.596346101512395,21.899170079876033
770,15.516117670116765,0.25498612865991443,26.79035782357131,-13.128167807430247
771,8.165213108165595,5.669945419958064,-9.745544661126958,10.828493162513082
772,3.718606983554918,-11.965697943443377,30.5059916693868,-17.643913929163563
773,5.0455188718952755,11.701530224768746,-21.590275651471693,15.140523946653444
774,1.7016052692044286,-5.801028049819834,-8.212697397356855,8.175186247634445
775,-10.410848700678736,-9.215954385227127,21.79754809374269,-18.759927886297696
776,6.452305863222344,-27.942009186728534,-11.38722879099361,40.8520457843218
777,-3.0534195764942793,5.157011445367503,4.962830742178388,-12.609786732933497
778,-24.016884536111228,19.464140056984807,-50.5988224480604,10.432819173581734
779,-0.8617031402028046,-16.1052054130836,-2.9212344744862544,21.067449080118916
780,0.3884571594265129,18.285993079157567,-33.98539603214848,16.278275166788017
781,13.285891383986156,-0.8550000072248931,14.006409456372468,-7.998517336533765
782,1.9410682329476352,-26.559655152757248,-12.525826324109941,32.97017242921305
783,0.8362894950246518,7.822518763481192,-32.77935627391833,16.10466540557734
784,3.1692844305188697,0.2781647559845484,4.491002306605921,2.9444362357377845
785,-2.1408039567088495,-15.075165150650026,29.824738481795595,-15.820521392499536
786,9.09212065835402,-5.83287110683878,19.14104154368881,-10.613619837504746
787,6.261207004318636,-7.096208601509955,16.21300554706397,-16.59805013683383
788,6.2625340286802,-19.976446191504138,-12.645589267095541,29.455750336387425
789,-1.968958699801623,-0.43499606029726673,6.733918458200939,-4.787273824068894
790,-4.98773490591497,5.246811657749311,5.5087047988539375,-11.791573050900698
791,-1.186189020853999,-3.7387067111684527,11.151881021743648,-9.072436740470069
792,3.796042026522962,-3.3586848947036505,-17.27682716731346,21.744352263156536
793,-27.777765548844616,-5.022122457681263,-30.655767389890485,30.39691763906776
794,-4.298490930704527,-5.969768525005386,24.859863236037658,-21.06691030959073
795,13.975888055357961,15.028631519099799,-28.997045516748717,29.494571604110412
796,-3.558537388326689,-5.826336957043175,-23.8306494500841,19.98362564438558
797,2.298523511467366,-10.335340519967067,-19.414852914360086,22.250462828369287
798,0.2972059986167586,-16.64734034585127,-22.775174167553534,35.931866735414566
799,12.97860566990616,-4.2573788000949,25.31959527949491,-11.221098559971468
800,12.858565477693281,-5.041939764196062,19.105770530582774,-8.26128375154472
801,-3.9564089477131987,-6.040094999540802,9.520348053373532,-12.003676792201668
802,-29.534606120726668,-6.9638438168136,-28.41493007925554,33.51115695061
803,8.623142075775693,-1.3222256983814404,8.915156332680462,0.2049336901188688
804,0.8960086110593442,-10.622367252722944,-4.461414113399458,15.633565357343924
805,-13.242098888940088,-10.562892606036428,24.52301371772923,-20.20131337066287
806,-0.9793290785794496,-3.312159270252114,6.733025736313019,-7.887534870038606
807,2.8988579944168267,-5.1199663210095405,-2.739763694632719,12.352635938842504
808,15.27576989409224,-8.38841338770221,-18.003153461695863,31.88139575066635
809,7.941778833016978,-15.1374069539747,-15.35011270641643,32.936452048915335
810,3.377015648264859,-0.6711940151609488,-17.628398634302794,38.62756784526761
811,17.035021850945288,-3.593868643556095,19.079678300209622,-13.89430606764888
812,8.170769658630975,-2.53655748075703,22.05754631941544,-14.720858263564534
813,-0.7303428522578067,-11.073508386005832,20.527354148113815,-17.19848415486458
814,-7.658955398627851,3.3652807527878625,-19.504347247539865,24.303578062046164
815,12.484293799491617,-4.17943616072756,20.933576543239514,-4.9861824366172485
816,4.9421402373814685,-16.933573335399394,-12.983848019563865,34.467285201570185
817,-5.691593987487857,-5.337867569507735,9.406904835066083,-11.675272721705266
818,7.0571089681398265,1.774518821753509,12.69171839261378,-6.045527319510448
819,4.659585265937359,-2.913396903934219,-12.218295744733755,4.950385040456546
820,-1.7351589880574996,-8.001019972475806,19.753980961020407,-20.162611027394775
821,-4.702475592800507,2.4395566850524206,7.266465153711477,-11.845393503366756
822,5.733188163599465,-2.0139192423849206,5.751631266340074,-3.5917277185579426
823,-6.84220614375758,-13.18827343856202,28.189940979966977,-16.437462962504668
824,10.708231188686613,1.2753847852459026,23.99918300186368,-14.773726436056165
825,0.23983206057893214,2.343882680382994,-10.520202086513338,14.81220971813042
826,24.613409478790505,2.0816667219299934,-21.348797152035175,31.609813267426325
827,6.602105291329157,-11.368277760082355,-13.162367183191224,23.485390489203144
828,-14.880695987998045,15.501418745774998,-31.13596207344015,10.246118114503219
829,17.820435890459894,8.94572227654288,-22.84412579257895,24.316800072981394
830,0.37155186229441167,-9.603608218955044,16.181397805550514,-12.09685294133659
831,16.2347321437349,-4.337743148753824,25.63877921099771,-11.094939548790643
832,17.213692901188413,-3.6675233952738955,16.50656641698408,-13.728712459748605
833,-3.9499602626153503,15.560355823536412,10.584868232087082,-13.713343624286733
834,-6.740329709931914,1.204348026729864,15.76897579837692,-15.551850861402102
835,-23.886510559160467,4.371917221572746,-32.278376486589224,18.425213377954236
836,-9.298753872296173,-0.20854908026431923,-18.465253319717565,19.854997158549036
837,3.2984971249538066,-7.1672308994929965,-8.678892268923642,11.517787827442605
838,1.3677877074597973,-8.638958434115745,20.12757210700662,-7.7834226733273875
839,-1.8765124920286425,-8.12740133033255,-17.2854388245307,29.857298686415493
840,-2.0022873202800877,5.898668292875998,3.020558461412894,-4.701481482210626
841,-9.828439518120659,15.490678546922602,10.792453951652028,-25.65245654262491
842,0.5117505034989704,-3.9078266154503414,-12.315709628141747,21.21640968198651
843,-7.668782188505065,-0.10989162585967988,10.759708306971493,-12.564670428562955
844,5.576139606852497,-10.146169215845001,18.416815545451975,-14.958746225638867
845,0.78309372063316,4.9267021129622535,6.572188419918664,-0.9050485877562222
846,3.980577144030935,-0.48862504788542044,3.1472977541684743,1.9224091978353606
847,9.073778304210688,1.0373265986838789,16.14175480287559,-8.18880088784996
848,13.76537690012127,-2.4725366316865958,18.904393413205575,-6.822219726498276
849,7.19193000091767,-9.152817449894025,24.16707309758276,-9.472344167794585
850,7.421344514344562,-1.5394357521592044,9.864102698465988,-3.7079878967146516
851,6.237509211122741,-29.07934148549885,-12.27810561543523,42.47620018022551
852,13.266732802391816,-8.9140475021377,-22.807721373554287,28.7516899726949
853,-0.21956457837159193,-3.5961074039381344,3.681470185491966,-5.573280996920069
854,-20.086843489938804,-6.188316839357178,-27.681738872710703,22.585680620363338
855,13.451682707746249,-3.552995644418363,23.527836722322853,-6.74540242501804
856,15.390777108138009,-2.140424858051023,19.244398736314963,-11.659696327875972
857,-20.72094270125754,9.128374772340566,-31.335210197355238,10.946786061146192
858,-22.49904767984868,5.87467748703263,-27.707017603555883,12.330961680953992
859,5.170374203569828,-11.240108251832753,-12.907336396063641,27.142261704992762
860,2.765546351707204,-4.375712895746419,20.975626058213116,-20.879446566586314
861,10.698180510280215,-4.345746808458358,18.30456730485042,-15.43479386708288
862,-9.917892381920181,11.71351536441519,-40.90394719275701,10.23904388603696
863,-1.429495011028996,-22.77726919257487,-6.611533316800806,28.794567890479687
864,-8.200832623531621,3.5882258279467165,-15.45237756566524,21.381024949852744
865,22.695120120498892,2.0015782875207275,-28.19677804170481,33.893402132865575
866,0.05291447318968823,-2.399428181336112,4.903003347820349,-6.584495163959409
867,-5.361116768904959,16.453588724061195,-40.14954334566236,10.808947004243267
868,10.57810399429183,-15.000618593570653,-16.513766780415192,35.791444439300406
869,1.4126326727012404,4.07772216897347,8.936082285783598,-7.9278541864249386
870,18.435226219883734,-1.5197717186037525,23.201523090619627,-16.079791115289332
871,-16.064552288611814,2.499819277032978,-21.70928128374651,14.524691627920545
872,-13.323843160986533,-9.582952610683549,-17.89905246556378,29.22696859589834
873,-12.977160530303674,1.7729351631017212,15.109464018744466,-22.979886459634024
874,3.8437286772669865,-8.409948934556363,22.63882389557337,-13.51364714991691
875,-29.475819654544885,-6.843466196463383,-34.64677215732902,29.486766943767563
876,4.189286927035284,-5.988436291260147,17.69365147581976,-6.118275180989313
877,-8.989131856073703,-3.506980277669973,16.827661367463673,-12.855749970348446
878,15.256801728855859,-5.727693085678666,20.820215693467695,-6.162499257989474
879,8.63060281818203,0.4735302307234248,15.516987746047816,-5.608577641606562
880,-7.655256072647751,-7.858452082820723,18.3008504928176,-14.575189519973055
881,3.125808261702628,-10.89291339842144,19.226075678292535,-20.200638766908796
882,9.726953800133222,1.4008616266520924,20.655413107968535,-7.397514898390998
883,11.736012723454433,-9.59897732902086,-15.482745770558408,31.062095259352308
884,-17.855753790004943,-0.8505221727454368,-31.552004972347024,16.073920228606497
885,0.8385565011635646,0.8902805544816454,1.0333594174901768,-0.6011153279835486
886,-6.8940416969927325,-3.695526827618826,16.066177890322706,-12.3237855334959
887,-6.9019657007095665,14.307150219292517,10.933568895920613,-22.591450294908295
888,3.0010085865691325,0.9777766768256644,3.0141169359999282,-3.9608353076366094
889,5.060565273676905,0.5832498888429777,3.7204578193551714,1.3165334176538936
890,4.563722973470136,1.7139641791326246,2.9637564305306516,0.41376110636358204
891,-6.406032198942257,3.039927244379605,-12.055700245140537,6.000722456578388
892,-2.930847944183859,-5.886226478958108,10.776764337787984,-12.934791217632688
893,11.483976765633246,1.1946185593069807,18.00424163102299,-14.187219537371828
894,-8.345090455313809,-5.00493913619008,14.574096604041896,-14.582427083420548
895,-2.569005357656466,2.8982889346071614,-19.510010205559862,10.360665837808483
896,-5.005100099676436,-5.648955378692687,13.372859277545414,-10.389018876727969
897,0.056455899978565,-8.06940553919741,23.88635853183246,-15.609809290743033
898,-3.581677283815911,-24.08838589629385,-9.709944482374206,26.89770445161285
899,5.505588524710059,-1.7141130217273566,4.357196464381129,-1.398436892585673
900,-2.698720658622218,-5.872947350793615,14.511804716386306,-8.610777117198385
901,5.671088925972984,-3.0080547198061267,17.023492089037248,-4.720203966432925
902,-1.6748381309149518,-36.45457083170055,-13.193561699598304,42.41998544931372
903,4.353973030957826,-1.385396724521969,12.909369914553452,-6.3217118081481845
904,-2.1744782125926205,-8.173452975023473,22.603718143400705,-16.150489319790125
905,5.782329929116825,-15.297088105169282,-19.808148637747916,28.68584700964047
906,-4.6963868361460115,-3.5324289249497927,9.764925037895805,-7.902833947078867
907,-3.1366243543547303,-6.123145685216143,18.386960562081764,-20.271635167264535
908,5.191725176065807,5.816415219630913,-16.459445569807443,21.769792547898874
909,-33.14440831095206,-2.557818568066334,-37.490797512550856,27.617288411864
910,-4.633865617159136,10.256889801469152,7.939187853140958,-17.756173594178442
911,-0.9010959551869386,5.458720380149162,8.647445746953357,-0.7689128185401872
912,1.8537195833477873,-0.7084236889491593,4.2364149500746064,-0.051746620030419466
913,12.376268672685914,-0.7523150413295421,-11.83911086611785,18.455576162539916
914,-7.005259725124309,5.070419537834397,9.215804331181163,-17.585291642985784
915,-20.176707437928076,6.0273856338920195,-30.35101256621046,10.124074191111557
916,-18.252903806561648,7.535861594156749,-21.604201992225033,10.966351806590342
917,-4.68198957273915,9.772622486314829,6.678111183453477,-18.611300576025698
918,3.2938474785685816,-7.475498527163976,-8.835924976889348,28.92754381769826
919,13.453515789193728,-9.58735640799735,30.192568386676967,-12.205058812030078
920,-4.368314855986672,1.4290560112727815,-19.258150812202214,24.442063751120614
921,-2.5054160496757296,9.144492415403045,6.6473257564312584,-7.316424645172258
922,17.95631567326952,-7.765953561293792,-13.48428116794229,27.512499483775457
923,17.365601434698625,5.3909603078960355,-19.464087608210185,22.052748338134123
924,-2.6752855146561245,6.041274878246813,4.961666609626649,-11.155435604591998
925,-5.709238078678687,10.884146103449194,16.331199578938886,-19.026974766660356
926,1.7865402615731962,0.25276299412768705,2.047601976646438,0.23272413673867098
927,5.19200239880475,-14.801982780228736,-15.440803053957397,43.17460694633839
928,-13.42186721399936,17.01961079180704,-46.651166123285435,13.881687874974135
929,16.051180538896066,10.899783666015383,-26.44865572763008,23.719358908415565
930,12.809515678244878,4.845581549734216,-22.927427431818217,28.27412543276822
931,-7.934643318322445,-1.7229956080250934,20.21238537330752,-22.771895373154006
932,11.210844675124676,11.547473968778464,-30.1876684171195,20.353136162173623
933,-2.672964594526863,3.206546140651875,1.0392158074158033,3.3240683953625036
934,9.357196655511302,-10.040737481859393,-9.66358638488204,28.83993067039022
935,7.859202629867622,2.122564269326971,21.427075165473983,-10.904804622062233
936,-3.00598489128549,-1.322217240534025,4.765531218789791,-7.972647394608514
937,-7.606453518872682,-11.8648877134549,-15.697977483990055,34.95408629756502
938,-0.005612176130247018,-2.014362562834574,2.776988469204561,-3.680076069453897
939,5.090569496722478,2.114888927994459,21.8634107145547,-16.246513355895203
940,9.768660261179361,7.248754287956687,-13.69176449696553,14.61561418838687
941,-6.188199898441825,15.051891008139977,15.519886026120359,-19.698301429529945
942,8.440390827385576,-1.7808372028379371,14.715258291513178,-1.933075546183089
943,15.599207217053202,-6.068861959509786,25.850773855882853,-10.630618018484371
944,11.08409617390989,6.28079127346672,-38.69541601648903,22.288621325006588
945,15.808534253887082,-3.067569676045578,23.87013499830464,-10.35504913702407
946,6.128588623461514,-7.425829669923579,21.081436002662635,-16.9287776292377
947,4.943157914531473,-2.789993587534059,-20.272113080762573,26.156684974922353
948,8.427478349055356,-7.803395249823271,-23.25788990586153,26.275494338424487
949,11.863581929155675,-1.0684363582570338,12.106003532617157,-7.841868690876482
950,0.9101191724614522,2.859228057738893,-14.503040488064405,12.241029582960564
951,4.096716076789022,5.35475999766027,-9.802467904017725,7.444527936578971
952,-1.630582544089288,-10.63789047230589,23.433440677983512,-10.510681380081143
953,2.7988213141383094,-11.096714430783928,-1.6577413743083453,20.308171224614338
954,7.900366860635562,-12.77752623229845,-13.962902195284215,23.54112210035056
955,6.947745983667427,2.1151050970619028,-2.581531868182651,7.378126515027402
956,5.887370376045487,-13.87817413610455,-20.935425186626244,26.05683559053727
957,0.1264053401216631,3.961168644424153,10.05368450095387,-8.211971276729706
958,13.058370221379846,-16.62075277095624,-25.234004650024517,36.168548578821394
959,3.579672122742164,2.906191264255225,10.34380176056236,-6.141204637380171
960,2.2881748515661524,-33.671971538431904,-18.44418235522672,39.75281092181598
961,-7.133256243378324,11.63413813724954,-15.820477899674803,8.371547294079257
962,4.4957926308367835,-20.420880350040967,-17.216878941510934,29.17645769453154
963,-14.494551455712164,-8.769455982005788,-29.577680051800307,26.762734220707042
964,12.133382398724889,1.1904084421487704,18.687357128423777,-7.927973458733665
965,-0.33638634296154224,5.757566694178257,8.626115406036881,-6.8852957262741725
966,10.775697976424874,-5.295255815820895,-12.978957701565744,18.6683344623993
967,13.393774259856873,0.14510907891345423,18.258959726120125,-10.50591483370677
968,-14.077042521173993,16.04678529284627,-48.4657213914636,12.753849014404276
969,3.1311355225987154,-18.38112340762752,-7.480565633776397,26.361759428011545
970,16.84524637780048,-3.4295056846325833,21.91534173079046,-6.7157150127677525
971,18.275566681394658,-6.246368865991484,25.686856300159107,-12.281523867165774
972,16.27727426848408,-4.213921174233217,19.16921753259126,-10.778252490824714
973,2.9616412532342897,-1.7903870158808903,8.308866491621552,-4.280903906805883
974,24.64939978397384,3.0458009462860463,-29.01362991874096,33.93665713609668
975,-9.037361357799883,8.230741505564083,13.749037231750123,-20.793252278853195
976,5.552279361509494,8.823501176542333,-18.115280281896307,20.749290843726246
977,-15.784968349413601,-5.871249932932932,-23.871443836069894,28.92991151905866
978,-1.390566589925498,3.5326380988419204,3.9576757389683688,-0.4598870113981747
979,2.6611390268688973,0.9883526280742416,4.252143368394012,0.22100135598273823
980,-8.818618393999188,-0.42500453724142734,12.538394680909684,-15.288021446653369
981,7.722687663644527,-9.397690522175818,-11.42704803823924,26.511550467645016
982,12.617111681667563,-8.212744559418756,-28.02850593625277,30.857071409515495
983,8.143770905045313,-9.057736086379816,-10.436269253536572,18.075589009484343
984,-8.98228028229867,12.952025426694066,11.546763564156224,-25.08353136368035
985,12.628513537708233,11.229734645697597,-18.07223769992743,19.374186766304177
986,16.244099144131702,-4.717271347614998,19.121070096070742,-12.243310882255146
987,17.656689176830852,1.6346291008860423,-20.531864990399534,24.349172102595464
988,-8.477660997860077,-5.760972978455062,13.7450604914635,-16.131666023722747
989,-2.523562730440485,-10.231392520078384,21.406056177209493,-15.970716391018065
990,-3.1203916475853,16.29876831604056,-25.606653328471435,10.212931520378087
991,-21.041733268043707,10.599930414367766,-42.1153364194541,19.283599505944373
992,22.495290965055535,2.6633190973583463,-29.041897199425453,33.65156945485584
993,-15.519783524007863,4.327124817939799,-28.25648437524383,8.738806932888998
994,10.170858571200728,-12.796856332855956,-15.43927598922441,33.319921229707255
995,-20.6460192768955,8.437348342574627,-24.99414413447294,14.2982091372153
996,-8.15589448654791,-4.703753934030295,15.799863047837253,-12.261132111685066
997,-23.3276509126342,8.08302203079473,-26.95929696681943,16.68554814022198
998,-3.1044094618036002,5.7572205832014784,14.899341958866096,-16.747490406382752
999,15.634752346790515,13.458956985048605,-25.792593971035018,23.687999218062505
1000,-1.3212048664716916,1.8903406099132778,4.707606302379968,-5.185450928458262
